1,Potion,U1,67,6W,6W,25
1,Firesand,U1,67,67,7S,
1,Wooden Chair,U1,45,4W,4W,
1,Grilled Clam,U1,3W,3W,3W,
1,Necklace,U1,45,5U,5S,
1,Coral Ring,U1,45,4S,4S,
1,Barbut,2S,2S,2S,2S,
1,Macuahuitl,U1,3S,3S,3S,
1,Sauerkraut,U1,67,6W,6W,
1,Baked Pumpkin,U1,45,5U,5W,
1,Tunic,U1,45,5U,5W,
1,Culinary Knife,U1,67,67,7S,
1,Brush,2W,2W,2W,2W,
1,Boiled Egg,U1,67,67,7S,
1,Hora,U1,67,67,7W,
1,Earrings,U1,45,5U,5S,
1,Butter,U1,45,4S,4S,
1,Brick Counter,U1,45,4W,4W,
1,Bronze Sheep,U1,45,4S,4S,
1,Growth Formula,U1,3S,3S,3S,
1,Garnet Rapier,U1,67,67,6S,
1,Spruce Round Shield,U1,45,4W,4W,
1,Shark Oil,U1,67,67,6S,
1,Silver Ear Cuffs,U1,67,67,6S,
1,Sweet Popoto,U1,67,67,7W,
1,Parsnip Salad,2S,2S,2S,2S,
1,Caramels,U1,45,5U,5W,
1,Ribbon,U1,3S,3S,3S,
1,Rope,U1,67,6W,6W,
1,Cavalier's Hat,U1,67,6W,6W,
1,Horn,U1,3W,3W,3W,
1,Salt Cod,U1,67,67,7S,
1,Squid Ink,U1,3W,3W,3W,
1,Essential Draught,U1,3S,3S,3S,
1,Jam,U1,67,67,7W,
1,Tomato Relish,U1,67,67,7S,
1,Onion Soup,2W,2W,2W,2W,
1,Pie,U1,3W,3W,3W,
1,Corn Flakes,2S,2S,2S,2S,
1,Pickled Radish,U1,67,67,7W,
1,Iron Axe,U1,45,4S,4S,
1,Quartz Ring,U1,45,5U,5S,
1,Porcelain Vase,U1,67,67,7W,
1,Vegetable Juice,U1,45,5U,5W,
1,Pumpkin Pudding,2W,2W,2W,2W,
1,Sheepfluff Rug,U1,45,4W,4W,
1,Garden Scythe,2W,2W,2W,2W,
1,Bed,U1,45,5U,5S,
1,Scale Fingers,2S,2S,2S,2S,
1,Crook,U1,67,67,6S,
2,Potion,U1,45,4W,4W,83
2,Firesand,U1,3W,3W,3W,
2,Wooden Chair,U1,67,67,7S,
2,Grilled Clam,U1,3W,3W,3W,
2,Necklace,U1,67,6W,6W,
2,Coral Ring,U1,67,67,7W,
2,Barbut,U1,45,4W,4W,
2,Macuahuitl,U1,3W,3W,3W,
2,Sauerkraut,U1,67,67,6S,
2,Baked Pumpkin,2S,2S,2S,2S,
2,Tunic,U1,45,5U,5S,
2,Culinary Knife,2W,2W,2W,2W,
2,Brush,U1,45,5U,5W,
2,Boiled Egg,U1,67,6W,6W,
2,Hora,U1,3S,3S,3S,
2,Earrings,U1,45,5U,5S,
2,Butter,U1,67,67,7S,
2,Brick Counter,2S,2S,2S,2S,
2,Bronze Sheep,2W,2W,2W,2W,
2,Growth Formula,U1,45,5U,5S,
2,Garnet Rapier,U1,67,67,7S,
2,Spruce Round Shield,U1,45,5U,5W,
2,Shark Oil,2S,2S,2S,2S,
2,Silver Ear Cuffs,U1,67,67,7W,
2,Sweet Popoto,U1,3W,3W,3W,
2,Parsnip Salad,2W,2W,2W,2W,
2,Caramels,U1,67,67,6S,
2,Ribbon,U1,67,67,7W,
2,Rope,2W,2W,2W,2W,
2,Cavalier's Hat,U1,67,6W,6W,
2,Horn,U1,67,67,6S,
2,Salt Cod,U1,67,67,7S,
2,Squid Ink,U1,67,67,6S,
2,Essential Draught,U1,45,4S,4S,
2,Jam,2S,2S,2S,2S,
2,Tomato Relish,U1,67,6W,6W,
2,Onion Soup,U1,67,67,7S,
2,Pie,U1,3S,3S,3S,
2,Corn Flakes,U1,45,4W,4W,
2,Pickled Radish,U1,45,4S,4S,
2,Iron Axe,U1,45,4W,4W,
2,Quartz Ring,U1,45,4S,4S,
2,Porcelain Vase,U1,45,5U,5W,
2,Vegetable Juice,U1,67,67,7W,
2,Pumpkin Pudding,U1,45,4S,4S,
2,Sheepfluff Rug,U1,45,5U,5S,
2,Garden Scythe,U1,67,67,7W,
2,Bed,U1,3S,3S,3S,
2,Scale Fingers,U1,3S,3S,3S,
2,Crook,U1,45,5U,5W,
3,Potion,U1,67,67,7W,31
3,Firesand,U1,67,67,6S,
3,Wooden Chair,U1,45,5U,5S,
3,Grilled Clam,U1,45,4S,4S,
3,Necklace,U1,67,67,7S,
3,Coral Ring,U1,67,67,7W,
3,Barbut,U1,45,4S,4S,
3,Macuahuitl,U1,45,4W,4W,
3,Sauerkraut,U1,3S,3S,3S,
3,Baked Pumpkin,U1,67,6W,6W,
3,Tunic,U1,67,67,6S,
3,Culinary Knife,2W,2W,2W,2W,
3,Brush,U1,67,67,6S,
3,Boiled Egg,U1,45,5U,5W,
3,Hora,U1,45,5U,5W,
3,Earrings,U1,3W,3W,3W,
3,Butter,U1,67,67,7W,
3,Brick Counter,U1,67,67,7W,
3,Bronze Sheep,U1,45,5U,5S,
3,Growth Formula,U1,3S,3S,3S,
3,Garnet Rapier,U1,67,67,7W,
3,Spruce Round Shield,U1,67,6W,6W,
3,Shark Oil,U1,45,4W,4W,
3,Silver Ear Cuffs,U1,45,5U,5W,
3,Sweet Popoto,U1,67,67,6S,
3,Parsnip Salad,U1,3W,3W,3W,
3,Caramels,U1,3W,3W,3W,
3,Ribbon,U1,45,5U,5S,
3,Rope,U1,67,67,7S,
3,Cavalier's Hat,U1,67,67,7S,
3,Horn,U1,3W,3W,3W,
3,Salt Cod,U1,67,67,7S,
3,Squid Ink,2S,2S,2S,2S,
3,Essential Draught,2S,2S,2S,2S,
3,Jam,2S,2S,2S,2S,
3,Tomato Relish,U1,45,5U,5S,
3,Onion Soup,U1,3S,3S,3S,
3,Pie,U1,45,4W,4W,
3,Corn Flakes,U1,67,6W,6W,
3,Pickled Radish,U1,45,5U,5W,
3,Iron Axe,U1,67,67,7S,
3,Quartz Ring,U1,67,6W,6W,
3,Porcelain Vase,U1,45,4W,4W,
3,Vegetable Juice,2W,2W,2W,2W,
3,Pumpkin Pudding,U1,45,4S,4S,
3,Sheepfluff Rug,2S,2S,2S,2S,
3,Garden Scythe,U1,45,4S,4S,
3,Bed,2W,2W,2W,2W,
3,Scale Fingers,2W,2W,2W,2W,
3,Crook,U1,3S,3S,3S,
4,Potion,U1,45,4W,4W,51
4,Firesand,U1,67,6W,6W,
4,Wooden Chair,U1,67,67,7W,
4,Grilled Clam,U1,67,6W,6W,
4,Necklace,U1,67,67,7S,
4,Coral Ring,2W,2W,2W,2W,
4,Barbut,U1,67,67,7S,
4,Macuahuitl,2S,2S,2S,2S,
4,Sauerkraut,U1,67,67,7W,
4,Baked Pumpkin,U1,45,5U,5W,
4,Tunic,U1,45,4W,4W,
4,Culinary Knife,U1,3S,3S,3S,
4,Brush,U1,45,4S,4S,
4,Boiled Egg,U1,3W,3W,3W,
4,Hora,U1,45,5U,5S,
4,Earrings,U1,67,67,6S,
4,Butter,2W,2W,2W,2W,
4,Brick Counter,2W,2W,2W,2W,
4,Bronze Sheep,U1,67,67,6S,
4,Growth Formula,U1,45,4W,4W,
4,Garnet Rapier,U1,67,67,7S,
4,Spruce Round Shield,U1,67,67,6S,
4,Shark Oil,U1,3W,3W,3W,
4,Silver Ear Cuffs,U1,3W,3W,3W,
4,Sweet Popoto,U1,3W,3W,3W,
4,Parsnip Salad,U1,3S,3S,3S,
4,Caramels,U1,67,67,6S,
4,Ribbon,U1,67,6W,6W,
4,Rope,U1,45,5U,5S,
4,Cavalier's Hat,U1,45,4W,4W,
4,Horn,U1,67,67,7W,
4,Salt Cod,2W,2W,2W,2W,
4,Squid Ink,U1,67,67,7S,
4,Essential Draught,U1,67,67,7W,
4,Jam,2S,2S,2S,2S,
4,Tomato Relish,2S,2S,2S,2S,
4,Onion Soup,U1,45,4S,4S,
4,Pie,U1,45,5U,5W,
4,Corn Flakes,2S,2S,2S,2S,
4,Pickled Radish,U1,45,5U,5W,
4,Iron Axe,U1,45,4S,4S,
4,Quartz Ring,U1,3S,3S,3S,
4,Porcelain Vase,U1,45,5U,5S,
4,Vegetable Juice,U1,45,5U,5S,
4,Pumpkin Pudding,U1,45,5U,5W,
4,Sheepfluff Rug,U1,67,6W,6W,
4,Garden Scythe,U1,3S,3S,3S,
4,Bed,U1,45,4S,4S,
4,Scale Fingers,U1,67,67,7S,
4,Crook,U1,67,67,7W,
5,Potion,U1,67,6W,6W,96
5,Firesand,U1,45,5U,5W,
5,Wooden Chair,U1,45,5U,5S,
5,Grilled Clam,U1,3W,3W,3W,
5,Necklace,U1,67,67,6S,
5,Coral Ring,2S,2S,2S,2S,
5,Barbut,2W,2W,2W,2W,
5,Macuahuitl,U1,3W,3W,3W,
5,Sauerkraut,U1,67,67,7S,
5,Baked Pumpkin,2S,2S,2S,2S,
5,Tunic,U1,45,4S,4S,
5,Culinary Knife,U1,67,67,7W,
5,Brush,U1,45,4S,4S,
5,Boiled Egg,2W,2W,2W,2W,
5,Hora,U1,67,67,7W,
5,Earrings,U1,3S,3S,3S,
5,Butter,U1,67,67,6S,
5,Brick Counter,2S,2S,2S,2S,
5,Bronze Sheep,U1,3W,3W,3W,
5,Growth Formula,U1,67,67,6S,
5,Garnet Rapier,U1,67,67,7W,
5,Spruce Round Shield,U1,67,67,7W,
5,Shark Oil,U1,3S,3S,3S,
5,Silver Ear Cuffs,2S,2S,2S,2S,
5,Sweet Popoto,U1,45,4S,4S,
5,Parsnip Salad,U1,3S,3S,3S,
5,Caramels,U1,67,67,7S,
5,Ribbon,U1,45,5U,5S,
5,Rope,U1,67,6W,6W,
5,Cavalier's Hat,U1,3W,3W,3W,
5,Horn,U1,45,5U,5W,
5,Salt Cod,2W,2W,2W,2W,
5,Squid Ink,U1,45,5U,5S,
5,Essential Draught,U1,45,4W,4W,
5,Jam,U1,45,5U,5W,
5,Tomato Relish,U1,67,67,7W,
5,Onion Soup,U1,45,4S,4S,
5,Pie,U1,45,5U,5W,
5,Corn Flakes,U1,45,5U,5S,
5,Pickled Radish,2W,2W,2W,2W,
5,Iron Axe,U1,67,6W,6W,
5,Quartz Ring,U1,3S,3S,3S,
5,Porcelain Vase,U1,67,67,7S,
5,Vegetable Juice,U1,45,4W,4W,
5,Pumpkin Pudding,U1,67,67,6S,
5,Sheepfluff Rug,U1,45,4W,4W,
5,Garden Scythe,U1,45,4W,4W,
5,Bed,U1,67,6W,6W,
5,Scale Fingers,U1,67,67,7S,
5,Crook,U1,67,67,7S,
6,Potion,U1,45,5U,5S,32
6,Firesand,U1,45,5U,5W,
6,Wooden Chair,U1,45,4W,4W,
6,Grilled Clam,U1,45,5U,5W,
6,Necklace,U1,67,67,6S,
6,Coral Ring,U1,45,5U,5W,
6,Barbut,U1,45,4W,4W,
6,Macuahuitl,2S,2S,2S,2S,
6,Sauerkraut,U1,67,67,7W,
6,Baked Pumpkin,2S,2S,2S,2S,
6,Tunic,U1,67,6W,6W,
6,Culinary Knife,U1,3S,3S,3S,
6,Brush,U1,67,67,7W,
6,Boiled Egg,U1,3S,3S,3S,
6,Hora,U1,3W,3W,3W,
6,Earrings,U1,67,67,7S,
6,Butter,U1,45,5U,5W,
6,Brick Counter,U1,45,4S,4S,
6,Bronze Sheep,U1,67,67,7S,
6,Growth Formula,2W,2W,2W,2W,
6,Garnet Rapier,U1,67,67,7S,
6,Spruce Round Shield,U1,67,67,7S,
6,Shark Oil,U1,67,67,7W,
6,Silver Ear Cuffs,U1,45,4S,4S,
6,Sweet Popoto,U1,45,5U,5S,
6,Parsnip Salad,U1,3W,3W,3W,
6,Caramels,U1,45,4W,4W,
6,Ribbon,2S,2S,2S,2S,
6,Rope,U1,67,6W,6W,
6,Cavalier's Hat,U1,3W,3W,3W,
6,Horn,U1,3S,3S,3S,
6,Salt Cod,U1,3W,3W,3W,
6,Squid Ink,U1,45,4S,4S,
6,Essential Draught,2W,2W,2W,2W,
6,Jam,U1,45,5U,5W,
6,Tomato Relish,2S,2S,2S,2S,
6,Onion Soup,U1,67,6W,6W,
6,Pie,U1,45,5U,5S,
6,Corn Flakes,2W,2W,2W,2W,
6,Pickled Radish,2W,2W,2W,2W,
6,Iron Axe,U1,67,67,6S,
6,Quartz Ring,U1,67,67,7W,
6,Porcelain Vase,U1,45,5U,5S,
6,Vegetable Juice,U1,67,67,7W,
6,Pumpkin Pudding,U1,67,67,6S,
6,Sheepfluff Rug,U1,3S,3S,3S,
6,Garden Scythe,U1,67,67,7S,
6,Bed,U1,45,4S,4S,
6,Scale Fingers,U1,67,67,6S,
6,Crook,U1,67,6W,6W,
7,Potion,U1,45,5U,5W,80
7,Firesand,U1,67,67,6S,
7,Wooden Chair,U1,67,67,7S,
7,Grilled Clam,2W,2W,2W,2W,
7,Necklace,U1,3W,3W,3W,
7,Coral Ring,U1,45,5U,5W,
7,Barbut,U1,45,5U,5S,
7,Macuahuitl,2W,2W,2W,2W,
7,Sauerkraut,U1,67,67,6S,
7,Baked Pumpkin,U1,67,67,6S,
7,Tunic,U1,67,6W,6W,
7,Culinary Knife,U1,45,4W,4W,
7,Brush,2S,2S,2S,2S,
7,Boiled Egg,U1,67,67,6S,
7,Hora,U1,45,4S,4S,
7,Earrings,U1,45,5U,5W,
7,Butter,U1,45,4S,4S,
7,Brick Counter,U1,45,5U,5W,
7,Bronze Sheep,U1,67,6W,6W,
7,Growth Formula,U1,67,67,7S,
7,Garnet Rapier,U1,67,67,7S,
7,Spruce Round Shield,U1,3S,3S,3S,
7,Shark Oil,U1,45,4W,4W,
7,Silver Ear Cuffs,U1,3W,3W,3W,
7,Sweet Popoto,2S,2S,2S,2S,
7,Parsnip Salad,U1,3W,3W,3W,
7,Caramels,U1,3S,3S,3S,
7,Ribbon,2W,2W,2W,2W,
7,Rope,U1,45,4S,4S,
7,Cavalier's Hat,U1,67,67,7W,
7,Horn,U1,45,5U,5S,
7,Salt Cod,U1,67,67,7W,
7,Squid Ink,U1,67,67,7S,
7,Essential Draught,U1,67,67,7S,
7,Jam,U1,67,67,7W,
7,Tomato Relish,U1,45,5U,5W,
7,Onion Soup,U1,45,4S,4S,
7,Pie,U1,67,6W,6W,
7,Corn Flakes,U1,45,4W,4W,
7,Pickled Radish,U1,67,67,7W,
7,Iron Axe,U1,3W,3W,3W,
7,Quartz Ring,2S,2S,2S,2S,
7,Porcelain Vase,U1,3S,3S,3S,
7,Vegetable Juice,2S,2S,2S,2S,
7,Pumpkin Pudding,U1,45,5U,5S,
7,Sheepfluff Rug,U1,3S,3S,3S,
7,Garden Scythe,U1,45,4W,4W,
7,Bed,U1,67,67,7W,
7,Scale Fingers,2W,2W,2W,2W,
7,Crook,U1,67,6W,6W,
8,Potion,U1,67,6W,6W,98
8,Firesand,U1,3S,3S,3S,
8,Wooden Chair,U1,67,67,7S,
8,Grilled Clam,U1,3S,3S,3S,
8,Necklace,2S,2S,2S,2S,
8,Coral Ring,U1,67,67,7W,
8,Barbut,U1,45,5U,5S,
8,Macuahuitl,U1,67,67,7S,
8,Sauerkraut,U1,3W,3W,3W,
8,Baked Pumpkin,2W,2W,2W,2W,
8,Tunic,U1,67,67,7W,
8,Culinary Knife,U1,45,4W,4W,
8,Brush,U1,45,4S,4S,
8,Boiled Egg,U1,3W,3W,3W,
8,Hora,U1,67,67,7S,
8,Earrings,U1,3S,3S,3S,
8,Butter,U1,67,67,6S,
8,Brick Counter,U1,67,6W,6W,
8,Bronze Sheep,U1,45,5U,5S,
8,Growth Formula,U1,67,67,7S,
8,Garnet Rapier,U1,45,4S,4S,
8,Spruce Round Shield,U1,3W,3W,3W,
8,Shark Oil,U1,67,67,7S,
8,Silver Ear Cuffs,U1,45,5U,5S,
8,Sweet Popoto,U1,3W,3W,3W,
8,Parsnip Salad,U1,45,5U,5W,
8,Caramels,2S,2S,2S,2S,
8,Ribbon,U1,67,6W,6W,
8,Rope,U1,67,67,6S,
8,Cavalier's Hat,2W,2W,2W,2W,
8,Horn,U1,67,67,6S,
8,Salt Cod,U1,45,4W,4W,
8,Squid Ink,U1,45,5U,5W,
8,Essential Draught,U1,67,67,6S,
8,Jam,U1,45,4S,4S,
8,Tomato Relish,U1,67,6W,6W,
8,Onion Soup,U1,67,67,7W,
8,Pie,2W,2W,2W,2W,
8,Corn Flakes,2S,2S,2S,2S,
8,Pickled Radish,U1,45,5U,5S,
8,Iron Axe,2W,2W,2W,2W,
8,Quartz Ring,2S,2S,2S,2S,
8,Porcelain Vase,U1,45,5U,5W,
8,Vegetable Juice,U1,45,4W,4W,
8,Pumpkin Pudding,U1,45,4W,4W,
8,Sheepfluff Rug,U1,45,4S,4S,
8,Garden Scythe,U1,45,5U,5W,
8,Bed,U1,67,67,7W,
8,Scale Fingers,U1,3S,3S,3S,
8,Crook,U1,67,67,7W,
9,Potion,U1,67,67,7W,93
9,Firesand,U1,3S,3S,3S,
9,Wooden Chair,U1,67,6W,6W,
9,Grilled Clam,2W,2W,2W,2W,
9,Necklace,2S,2S,2S,2S,
9,Coral Ring,U1,45,4W,4W,
9,Barbut,2S,2S,2S,2S,
9,Macuahuitl,U1,45,4W,4W,
9,Sauerkraut,U1,3W,3W,3W,
9,Baked Pumpkin,2S,2S,2S,2S,
9,Tunic,U1,3S,3S,3S,
9,Culinary Knife,U1,3S,3S,3S,
9,Brush,U1,67,67,7W,
9,Boiled Egg,U1,67,67,7S,
9,Hora,2W,2W,2W,2W,
9,Earrings,U1,45,5U,5S,
9,Butter,U1,67,67,7S,
9,Brick Counter,U1,67,67,7S,
9,Bronze Sheep,U1,45,4W,4W,
9,Growth Formula,U1,67,67,7W,
9,Garnet Rapier,U1,67,6W,6W,
9,Spruce Round Shield,U1,67,67,7S,
9,Shark Oil,U1,67,67,7S,
9,Silver Ear Cuffs,U1,3S,3S,3S,
9,Sweet Popoto,U1,45,4S,4S,
9,Parsnip Salad,U1,45,4S,4S,
9,Caramels,U1,67,6W,6W,
9,Ribbon,2W,2W,2W,2W,
9,Rope,U1,67,67,6S,
9,Cavalier's Hat,U1,45,5U,5S,
9,Horn,U1,45,4S,4S,
9,Salt Cod,U1,67,67,7W,
9,Squid Ink,U1,45,5U,5W,
9,Essential Draught,U1,67,67,7W,
9,Jam,U1,45,5U,5W,
9,Tomato Relish,2W,2W,2W,2W,
9,Onion Soup,U1,3W,3W,3W,
9,Pie,U1,45,5U,5S,
9,Corn Flakes,U1,45,5U,5W,
9,Pickled Radish,U1,3W,3W,3W,
9,Iron Axe,U1,67,67,6S,
9,Quartz Ring,U1,45,5U,5S,
9,Porcelain Vase,U1,45,5U,5W,
9,Vegetable Juice,2S,2S,2S,2S,
9,Pumpkin Pudding,U1,45,4W,4W,
9,Sheepfluff Rug,U1,67,67,6S,
9,Garden Scythe,U1,67,6W,6W,
9,Bed,U1,45,4S,4S,
9,Scale Fingers,U1,67,67,6S,
9,Crook,U1,3W,3W,3W,
10,Potion,U1,67,6W,6W,39
10,Firesand,U1,67,6W,6W,
10,Wooden Chair,U1,67,67,6S,
10,Grilled Clam,U1,67,67,6S,
10,Necklace,U1,45,5U,5W,
10,Coral Ring,U1,3W,3W,3W,
10,Barbut,U1,3S,3S,3S,
10,Macuahuitl,2S,2S,2S,2S,
10,Sauerkraut,U1,67,67,6S,
10,Baked Pumpkin,U1,67,67,7W,
10,Tunic,2W,2W,2W,2W,
10,Culinary Knife,U1,45,5U,5W,
10,Brush,U1,45,5U,5W,
10,Boiled Egg,U1,67,6W,6W,
10,Hora,U1,3W,3W,3W,
10,Earrings,U1,67,67,7S,
10,Butter,U1,45,5U,5S,
10,Brick Counter,U1,3S,3S,3S,
10,Bronze Sheep,U1,45,4W,4W,
10,Growth Formula,U1,45,4S,4S,
10,Garnet Rapier,U1,45,5U,5S,
10,Spruce Round Shield,U1,45,4W,4W,
10,Shark Oil,U1,3S,3S,3S,
10,Silver Ear Cuffs,U1,45,5U,5S,
10,Sweet Popoto,U1,67,67,7S,
10,Parsnip Salad,U1,45,4W,4W,
10,Caramels,U1,67,67,7W,
10,Ribbon,U1,67,67,7W,
10,Rope,2W,2W,2W,2W,
10,Cavalier's Hat,U1,45,4S,4S,
10,Horn,2S,2S,2S,2S,
10,Salt Cod,U1,67,67,7W,
10,Squid Ink,U1,45,4S,4S,
10,Essential Draught,2W,2W,2W,2W,
10,Jam,U1,67,6W,6W,
10,Tomato Relish,U1,45,4W,4W,
10,Onion Soup,U1,3W,3W,3W,
10,Pie,U1,67,67,7W,
10,Corn Flakes,U1,45,4S,4S,
10,Pickled Radish,U1,45,5U,5W,
10,Iron Axe,U1,67,67,7S,
10,Quartz Ring,U1,3W,3W,3W,
10,Porcelain Vase,U1,67,67,6S,
10,Vegetable Juice,2S,2S,2S,2S,
10,Pumpkin Pudding,U1,67,67,7S,
10,Sheepfluff Rug,2S,2S,2S,2S,
10,Garden Scythe,U1,3S,3S,3S,
10,Bed,2W,2W,2W,2W,
10,Scale Fingers,U1,67,67,7S,
10,Crook,U1,45,5U,5S,
11,Potion,U1,45,4W,4W,89
11,Firesand,U1,45,5U,5W,
11,Wooden Chair,2W,2W,2W,2W,
11,Grilled Clam,U1,67,6W,6W,
11,Necklace,2U,2S,2S,2S,
11,Coral Ring,U1,67,6W,6W,
11,Barbut,U1,45,5U,5W,
11,Macuahuitl,U1,67,6W,6W,
11,Sauerkraut,U1,45,5U,5S,
11,Baked Pumpkin,U1,45,4S,4S,
11,Tunic,U1,67,67,6S,
11,Culinary Knife,U1,3W,3W,3W,
11,Brush,U1,45,4S,4S,
11,Boiled Egg,U1,45,4W,4W,
11,Hora,U1,67,67,7W,
11,Earrings,U1,45,5U,5W,
11,Butter,U1,3W,3W,3W,
11,Brick Counter,U1,45,4W,4W,
11,Bronze Sheep,2U,2W,2W,2W,
11,Growth Formula,U1,67,67,7S,
11,Garnet Rapier,U1,67,67,7W,
11,Spruce Round Shield,2U,2S,2S,2S,
11,Shark Oil,U1,45,5U,5W,
11,Silver Ear Cuffs,2W,2W,2W,2W,
11,Sweet Popoto,U1,67,67,6S,
11,Parsnip Salad,2U,2S,2S,2S,
11,Caramels,U1,67,67,7W,
11,Ribbon,U1,3S,3S,3S,
11,Rope,U1,67,67,7S,
11,Cavalier's Hat,U1,45,4S,4S,
11,Horn,U1,67,67,6S,
11,Salt Cod,U1,45,5U,5S,
11,Squid Ink,U1,67,67,6S,
11,Essential Draught,U1,45,5U,5S,
11,Jam,U1,45,4S,4S,
11,Tomato Relish,U1,67,67,7S,
11,Onion Soup,U1,3S,3S,3S,
11,Pie,U1,3S,3S,3S,
11,Corn Flakes,U1,67,67,7S,
11,Pickled Radish,2U,2W,2W,2W,
11,Iron Axe,U1,3W,3W,3W,
11,Quartz Ring,U1,45,5U,5S,
11,Porcelain Vase,U1,67,6W,6W,
11,Vegetable Juice,U1,67,67,7S,
11,Pumpkin Pudding,U1,67,67,7W,
11,Sheepfluff Rug,U1,3S,3S,3S,
11,Garden Scythe,U1,67,67,7W,
11,Bed,2U,2S,2S,2S,
11,Scale Fingers,U1,45,4W,4W,
11,Crook,U1,3W,3W,3W,
12,Potion,U1,3S,3S,3S,50
12,Firesand,2U,2W,2W,2W,
12,Wooden Chair,U1,45,4S,4S,
12,Grilled Clam,U1,67,67,7W,
12,Necklace,2W,2W,2W,2W,
12,Coral Ring,U1,45,5U,5S,
12,Barbut,U1,3W,3W,3W,
12,Macuahuitl,U1,45,5U,5W,
12,Sauerkraut,U1,67,6W,6W,
12,Baked Pumpkin,U1,45,4S,4S,
12,Tunic,U1,45,4W,4W,
12,Culinary Knife,U1,3W,3W,3W,
12,Brush,U1,45,5U,5S,
12,Boiled Egg,U1,3S,3S,3S,
12,Hora,U1,45,5U,5S,
12,Earrings,U1,67,67,6S,
12,Butter,U1,67,67,7W,
12,Brick Counter,U1,45,5U,5W,
12,Bronze Sheep,U1,67,6W,6W,
12,Growth Formula,U1,67,67,7S,
12,Garnet Rapier,U1,45,5U,5W,
12,Spruce Round Shield,2S,2S,2S,2S,
12,Shark Oil,2U,2S,2S,2S,
12,Silver Ear Cuffs,U1,45,4W,4W,
12,Sweet Popoto,U1,67,67,7W,
12,Parsnip Salad,U1,45,4W,4W,
12,Caramels,U1,45,5U,5S,
12,Ribbon,U1,67,6W,6W,
12,Rope,U1,67,67,7W,
12,Cavalier's Hat,U1,45,4S,4S,
12,Horn,U1,67,67,7W,
12,Salt Cod,U1,45,4W,4W,
12,Squid Ink,U1,67,67,7S,
12,Essential Draught,U1,67,67,7S,
12,Jam,2W,2W,2W,2W,
12,Tomato Relish,U1,3S,3S,3S,
12,Onion Soup,U1,67,67,6S,
12,Pie,U1,67,6W,6W,
12,Corn Flakes,U1,3S,3S,3S,
12,Pickled Radish,U1,3W,3W,3W,
12,Iron Axe,U1,67,67,7S,
12,Quartz Ring,U1,3W,3W,3W,
12,Porcelain Vase,2U,2W,2W,2W,
12,Vegetable Juice,U1,67,67,6S,
12,Pumpkin Pudding,2S,2S,2S,2S,
12,Sheepfluff Rug,U1,45,5U,5W,
12,Garden Scythe,U1,67,67,7S,
12,Bed,U1,67,67,6S,
12,Scale Fingers,2S,2S,2S,2S,
12,Crook,U1,45,4S,4S,
13,Potion,U1,67,6W,6W,74
13,Firesand,U1,45,4S,4S,
13,Wooden Chair,U1,67,6W,6W,
13,Grilled Clam,U1,67,67,7S,
13,Necklace,U1,45,5U,5W,
13,Coral Ring,U1,45,5U,5W,
13,Barbut,U1,45,5U,5W,
13,Macuahuitl,U1,67,67,7W,
13,Sauerkraut,U1,45,5U,5S,
13,Baked Pumpkin,2S,2S,2S,2S,
13,Tunic,U1,45,4W,4W,
13,Culinary Knife,U1,3W,3W,3W,
13,Brush,U1,3W,3W,3W,
13,Boiled Egg,U1,3S,3S,3S,
13,Hora,U1,45,5U,5S,
13,Earrings,U1,67,6W,6W,
13,Butter,U1,3W,3W,3W,
13,Brick Counter,2U,2S,2S,2S,
13,Bronze Sheep,2U,2W,2W,2W,
13,Growth Formula,U1,45,5U,5S,
13,Garnet Rapier,U1,67,67,6S,
13,Spruce Round Shield,U1,45,4S,4S,
13,Shark Oil,U1,67,67,7W,
13,Silver Ear Cuffs,U1,45,5U,5S,
13,Sweet Popoto,U1,67,67,7W,
13,Parsnip Salad,U1,45,5U,5W,
13,Caramels,U1,67,67,6S,
13,Ribbon,2U,2W,2W,2W,
13,Rope,U1,67,67,6S,
13,Cavalier's Hat,U1,67,67,7S,
13,Horn,2S,2S,2S,2S,
13,Salt Cod,U1,67,67,7S,
13,Squid Ink,U1,67,67,7S,
13,Essential Draught,U1,45,4W,4W,
13,Jam,U1,45,4W,4W,
13,Tomato Relish,U1,67,67,6S,
13,Onion Soup,U1,67,6W,6W,
13,Pie,U1,67,67,7S,
13,Corn Flakes,U1,67,67,7W,
13,Pickled Radish,2W,2W,2W,2W,
13,Iron Axe,2U,2S,2S,2S,
13,Quartz Ring,2U,2W,2W,2W,
13,Porcelain Vase,U1,3S,3S,3S,
13,Vegetable Juice,U1,67,67,7W,
13,Pumpkin Pudding,U1,3W,3W,3W,
13,Sheepfluff Rug,U1,45,4S,4S,
13,Garden Scythe,U1,3S,3S,3S,
13,Bed,U1,3S,3S,3S,
13,Scale Fingers,U1,45,4S,4S,
13,Crook,U1,45,4W,4W,
14,Potion,U1,45,5U,5S,46
14,Firesand,U1,45,4S,4S,
14,Wooden Chair,U1,45,4W,4W,
14,Grilled Clam,U1,45,5U,5W,
14,Necklace,U1,67,67,6S,
14,Coral Ring,U1,67,67,7W,
14,Barbut,2U,2W,2W,2W,
14,Macuahuitl,U1,3W,3W,3W,
14,Sauerkraut,U1,3W,3W,3W,
14,Baked Pumpkin,U1,3W,3W,3W,
14,Tunic,U1,45,5U,5W,
14,Culinary Knife,U1,45,5U,5S,
14,Brush,U1,45,4S,4S,
14,Boiled Egg,2S,2S,2S,2S,
14,Hora,U1,67,67,7W,
14,Earrings,U1,45,4S,4S,
14,Butter,U1,45,4W,4W,
14,Brick Counter,U1,45,4S,4S,
14,Bronze Sheep,2U,2W,2W,2W,
14,Growth Formula,U1,67,6W,6W,
14,Garnet Rapier,2S,2S,2S,2S,
14,Spruce Round Shield,U1,45,5U,5S,
14,Shark Oil,U1,3S,3S,3S,
14,Silver Ear Cuffs,U1,67,67,7W,
14,Sweet Popoto,U1,67,67,7W,
14,Parsnip Salad,U1,3S,3S,3S,
14,Caramels,U1,67,67,6S,
14,Ribbon,U1,67,67,7S,
14,Rope,U1,3S,3S,3S,
14,Cavalier's Hat,U1,45,5U,5S,
14,Horn,U1,45,5U,5W,
14,Salt Cod,U1,67,67,6S,
14,Squid Ink,U1,45,4W,4W,
14,Essential Draught,2U,2S,2S,2S,
14,Jam,U1,67,67,7S,
14,Tomato Relish,U1,67,6W,6W,
14,Onion Soup,U1,45,5U,5W,
14,Pie,U1,67,6W,6W,
14,Corn Flakes,2W,2W,2W,2W,
14,Pickled Radish,2W,2W,2W,2W,
14,Iron Axe,U1,3W,3W,3W,
14,Quartz Ring,2U,2S,2S,2S,
14,Porcelain Vase,U1,67,67,7W,
14,Vegetable Juice,U1,3S,3S,3S,
14,Pumpkin Pudding,U1,67,67,7S,
14,Sheepfluff Rug,U1,67,6W,6W,
14,Garden Scythe,U1,67,67,6S,
14,Bed,U1,45,4W,4W,
14,Scale Fingers,U1,67,67,7S,
14,Crook,U1,67,67,7S,
15,Potion,U1,45,4W,4W,88
15,Firesand,2W,2W,2W,2W,
15,Wooden Chair,2U,2S,2S,2S,
15,Grilled Clam,U1,45,5U,5S,
15,Necklace,U1,67,67,7S,
15,Coral Ring,U1,3W,3W,3W,
15,Barbut,U1,67,67,7W,
15,Macuahuitl,U1,67,67,6S,
15,Sauerkraut,2U,2S,2S,2S,
15,Baked Pumpkin,U1,67,67,6S,
15,Tunic,U1,3S,3S,3S,
15,Culinary Knife,U1,45,5U,5W,
15,Brush,U1,3W,3W,3W,
15,Boiled Egg,U1,3S,3S,3S,
15,Hora,U1,67,67,6S,
15,Earrings,U1,45,4W,4W,
15,Butter,2S,2S,2S,2S,
15,Brick Counter,2W,2W,2W,2W,
15,Bronze Sheep,U1,67,6W,6W,
15,Growth Formula,U1,3S,3S,3S,
15,Garnet Rapier,U1,3S,3S,3S,
15,Spruce Round Shield,U1,45,5U,5S,
15,Shark Oil,U1,45,5U,5W,
15,Silver Ear Cuffs,U1,45,4S,4S,
15,Sweet Popoto,U1,45,5U,5S,
15,Parsnip Salad,U1,67,67,7S,
15,Caramels,U1,67,67,7W,
15,Ribbon,U1,67,67,7S,
15,Rope,U1,45,4S,4S,
15,Cavalier's Hat,U1,45,4S,4S,
15,Horn,U1,67,6W,6W,
15,Salt Cod,U1,67,67,7S,
15,Squid Ink,2W,2W,2W,2W,
15,Essential Draught,U1,3W,3W,3W,
15,Jam,2W,2W,2W,2W,
15,Tomato Relish,U1,45,5U,5W,
15,Onion Soup,U1,67,67,7S,
15,Pie,U1,45,4S,4S,
15,Corn Flakes,U1,45,5U,5S,
15,Pickled Radish,U1,45,5U,5W,
15,Iron Axe,U1,67,6W,6W,
15,Quartz Ring,U1,67,6W,6W,
15,Porcelain Vase,U1,67,67,7W,
15,Vegetable Juice,U1,67,67,6S,
15,Pumpkin Pudding,U1,67,67,7W,
15,Sheepfluff Rug,U1,45,4W,4W,
15,Garden Scythe,U1,45,4W,4W,
15,Bed,2U,2S,2S,2S,
15,Scale Fingers,U1,3W,3W,3W,
15,Crook,U1,67,67,7W,
16,Potion,U1,67,67,7W,21
16,Firesand,U1,67,67,7S,
16,Wooden Chair,U1,45,5U,5W,
16,Grilled Clam,U1,3W,3W,3W,
16,Necklace,U1,3S,3S,3S,
16,Coral Ring,2U,2S,2S,2S,
16,Barbut,U1,45,4W,4W,
16,Macuahuitl,2S,2S,2S,2S,
16,Sauerkraut,U1,67,67,6S,
16,Baked Pumpkin,2W,2W,2W,2W,
16,Tunic,2W,2W,2W,2W,
16,Culinary Knife,U1,45,4S,4S,
16,Brush,U1,3S,3S,3S,
16,Boiled Egg,U1,67,67,7S,
16,Hora,2W,2W,2W,2W,
16,Earrings,U1,67,67,6S,
16,Butter,U1,45,5U,5S,
16,Brick Counter,U1,45,5U,5S,
16,Bronze Sheep,U1,3S,3S,3S,
16,Growth Formula,U1,67,67,7S,
16,Garnet Rapier,U1,45,4W,4W,
16,Spruce Round Shield,U1,67,67,7S,
16,Shark Oil,2U,2W,2W,2W,
16,Silver Ear Cuffs,2S,2S,2S,2S,
16,Sweet Popoto,U1,3S,3S,3S,
16,Parsnip Salad,U1,45,5U,5S,
16,Caramels,U1,45,4S,4S,
16,Ribbon,U1,3W,3W,3W,
16,Rope,2S,2S,2S,2S,
16,Cavalier's Hat,U1,67,67,7W,
16,Horn,U1,45,5U,5W,
16,Salt Cod,U1,67,67,7W,
16,Squid Ink,U1,67,6W,6W,
16,Essential Draught,U1,3W,3W,3W,
16,Jam,U1,3W,3W,3W,
16,Tomato Relish,U1,45,5U,5S,
16,Onion Soup,U1,45,4S,4S,
16,Pie,U1,67,6W,6W,
16,Corn Flakes,U1,67,67,6S,
16,Pickled Radish,U1,45,4W,4W,
16,Iron Axe,U1,67,67,7W,
16,Quartz Ring,U1,45,4S,4S,
16,Porcelain Vase,U1,67,67,6S,
16,Vegetable Juice,U1,67,6W,6W,
16,Pumpkin Pudding,U1,45,4W,4W,
16,Sheepfluff Rug,U1,45,5U,5W,
16,Garden Scythe,U1,67,67,7W,
16,Bed,U1,45,5U,5W,
16,Scale Fingers,U1,67,67,7S,
16,Crook,U1,67,6W,6W,
17,Potion,U1,67,67,7S,22
17,Firesand,2S,2S,2S,2S,
17,Wooden Chair,U1,45,4W,4W,
17,Grilled Clam,U1,67,67,7S,
17,Necklace,U1,45,5U,5W,
17,Coral Ring,U1,3S,3S,3S,
17,Barbut,U1,45,4S,4S,
17,Macuahuitl,2S,2S,2S,2S,
17,Sauerkraut,U1,45,5U,5S,
17,Baked Pumpkin,U1,67,6W,6W,
17,Tunic,U1,3W,3W,3W,
17,Culinary Knife,U1,67,67,6S,
17,Brush,2S,2S,2S,2S,
17,Boiled Egg,U1,3W,3W,3W,
17,Hora,U1,67,67,7W,
17,Earrings,U1,67,67,7S,
17,Butter,U1,45,5U,5S,
17,Brick Counter,U1,67,67,6S,
17,Bronze Sheep,U1,67,6W,6W,
17,Growth Formula,2W,2W,2W,2W,
17,Garnet Rapier,U1,67,67,7W,
17,Spruce Round Shield,2S,2S,2S,2S,
17,Shark Oil,U1,67,67,7W,
17,Silver Ear Cuffs,U1,45,4W,4W,
17,Sweet Popoto,U1,67,67,6S,
17,Parsnip Salad,U1,45,4S,4S,
17,Caramels,U1,45,5U,5S,
17,Ribbon,2W,2W,2W,2W,
17,Rope,U1,45,5U,5W,
17,Cavalier's Hat,2W,2W,2W,2W,
17,Horn,U1,45,4W,4W,
17,Salt Cod,U1,67,6W,6W,
17,Squid Ink,U1,45,4S,4S,
17,Essential Draught,U1,67,67,6S,
17,Jam,U1,45,5U,5W,
17,Tomato Relish,U1,67,67,7S,
17,Onion Soup,U1,67,6W,6W,
17,Pie,U1,45,5U,5W,
17,Corn Flakes,U1,3S,3S,3S,
17,Pickled Radish,U1,3S,3S,3S,
17,Iron Axe,U1,45,5U,5S,
17,Quartz Ring,U1,67,67,7W,
17,Porcelain Vase,U1,67,67,7W,
17,Vegetable Juice,U1,67,67,7S,
17,Pumpkin Pudding,U1,3W,3W,3W,
17,Sheepfluff Rug,U1,45,4S,4S,
17,Garden Scythe,U1,3W,3W,3W,
17,Bed,U1,3S,3S,3S,
17,Scale Fingers,2W,2W,2W,2W,
17,Crook,U1,45,4W,4W,
18,Potion,U1,67,6W,6W,75
18,Firesand,U1,67,6W,6W,
18,Wooden Chair,U1,67,67,7W,
18,Grilled Clam,U1,3W,3W,3W,
18,Necklace,U1,45,5U,5S,
18,Coral Ring,U1,3S,3S,3S,
18,Barbut,U1,45,5U,5S,
18,Macuahuitl,U1,45,4S,4S,
18,Sauerkraut,U1,45,5U,5W,
18,Baked Pumpkin,U1,67,6W,6W,
18,Tunic,2U,2W,2W,2W,
18,Culinary Knife,U1,67,67,6S,
18,Brush,U1,67,67,7S,
18,Boiled Egg,U1,67,67,6S,
18,Hora,U1,45,4S,4S,
18,Earrings,U1,67,6W,6W,
18,Butter,2W,2W,2W,2W,
18,Brick Counter,U1,67,67,7W,
18,Bronze Sheep,2U,2S,2S,2S,
18,Growth Formula,U1,67,67,7S,
18,Garnet Rapier,2S,2S,2S,2S,
18,Spruce Round Shield,U1,45,5U,5W,
18,Shark Oil,U1,3S,3S,3S,
18,Silver Ear Cuffs,2U,2W,2W,2W,
18,Sweet Popoto,U1,45,5U,5S,
18,Parsnip Salad,U1,67,67,7W,
18,Caramels,U1,3W,3W,3W,
18,Ribbon,U1,45,4S,4S,
18,Rope,U1,67,67,7S,
18,Cavalier's Hat,U1,3S,3S,3S,
18,Horn,U1,45,4W,4W,
18,Salt Cod,U1,67,67,7S,
18,Squid Ink,U1,45,5U,5S,
18,Essential Draught,2W,2W,2W,2W,
18,Jam,2U,2S,2S,2S,
18,Tomato Relish,U1,45,4W,4W,
18,Onion Soup,U1,3S,3S,3S,
18,Pie,U1,45,5U,5W,
18,Corn Flakes,U1,45,5U,5W,
18,Pickled Radish,U1,45,4S,4S,
18,Iron Axe,U1,45,4W,4W,
18,Quartz Ring,2S,2S,2S,2S,
18,Porcelain Vase,U1,67,67,7W,
18,Vegetable Juice,U1,67,67,7W,
18,Pumpkin Pudding,U1,67,67,6S,
18,Sheepfluff Rug,U1,3W,3W,3W,
18,Garden Scythe,U1,45,4W,4W,
18,Bed,U1,67,67,7S,
18,Scale Fingers,U1,3W,3W,3W,
18,Crook,U1,67,67,6S,
19,Potion,U1,67,6W,6W,11
19,Firesand,U1,45,5U,5W,
19,Wooden Chair,2S,2S,2S,2S,
19,Grilled Clam,2S,2S,2S,2S,
19,Necklace,U1,45,4W,4W,
19,Coral Ring,U1,3W,3W,3W,
19,Barbut,2S,2S,2S,2S,
19,Macuahuitl,2W,2W,2W,2W,
19,Sauerkraut,U1,67,67,7W,
19,Baked Pumpkin,2W,2W,2W,2W,
19,Tunic,U1,45,4W,4W,
19,Culinary Knife,U1,45,5U,5W,
19,Brush,U1,67,6W,6W,
19,Boiled Egg,U1,45,5U,5S,
19,Hora,U1,3W,3W,3W,
19,Earrings,2W,2W,2W,2W,
19,Butter,U1,3W,3W,3W,
19,Brick Counter,U1,45,4W,4W,
19,Bronze Sheep,U1,45,4S,4S,
19,Growth Formula,U1,67,6W,6W,
19,Garnet Rapier,U1,3S,3S,3S,
19,Spruce Round Shield,U1,45,4S,4S,
19,Shark Oil,U1,45,4S,4S,
19,Silver Ear Cuffs,U1,67,67,7S,
19,Sweet Popoto,U1,45,5U,5W,
19,Parsnip Salad,U1,3S,3S,3S,
19,Caramels,U1,67,67,7S,
19,Ribbon,U1,67,67,6S,
19,Rope,U1,3S,3S,3S,
19,Cavalier's Hat,2W,2W,2W,2W,
19,Horn,U1,45,4S,4S,
19,Salt Cod,U1,45,5U,5S,
19,Squid Ink,U1,67,67,7W,
19,Essential Draught,U1,67,67,7S,
19,Jam,U1,45,5U,5S,
19,Tomato Relish,U1,67,67,7S,
19,Onion Soup,U1,67,67,6S,
19,Pie,U1,45,5U,5W,
19,Corn Flakes,U1,67,67,7W,
19,Pickled Radish,U1,45,4W,4W,
19,Iron Axe,U1,67,67,7W,
19,Quartz Ring,U1,67,67,7S,
19,Porcelain Vase,U1,67,67,7W,
19,Vegetable Juice,U1,3W,3W,3W,
19,Pumpkin Pudding,U1,67,67,6S,
19,Sheepfluff Rug,U1,67,67,6S,
19,Garden Scythe,U1,67,6W,6W,
19,Bed,U1,45,5U,5S,
19,Scale Fingers,U1,3S,3S,3S,
19,Crook,2S,2S,2S,2S,
20,Potion,U1,45,4W,4W,27
20,Firesand,U1,67,67,7S,
20,Wooden Chair,U1,67,67,6S,
20,Grilled Clam,U1,67,6W,6W,
20,Necklace,U1,3W,3W,3W,
20,Coral Ring,U1,67,67,7W,
20,Barbut,U1,67,67,6S,
20,Macuahuitl,2U,2S,2S,2S,
20,Sauerkraut,U1,67,67,7S,
20,Baked Pumpkin,U1,45,4S,4S,
20,Tunic,U1,45,5U,5S,
20,Culinary Knife,U1,67,67,7W,
20,Brush,2U,2W,2W,2W,
20,Boiled Egg,U1,3S,3S,3S,
20,Hora,2U,2W,2W,2W,
20,Earrings,U1,45,5U,5W,
20,Butter,U1,45,4W,4W,
20,Brick Counter,U1,67,67,7S,
20,Bronze Sheep,2W,2W,2W,2W,
20,Growth Formula,2W,2W,2W,2W,
20,Garnet Rapier,U1,67,6W,6W,
20,Spruce Round Shield,U1,67,67,7W,
20,Shark Oil,U1,67,67,7S,
20,Silver Ear Cuffs,U1,67,67,7W,
20,Sweet Popoto,U1,45,4W,4W,
20,Parsnip Salad,U1,3S,3S,3S,
20,Caramels,U1,45,5U,5S,
20,Ribbon,U1,3S,3S,3S,
20,Rope,U1,45,4W,4W,
20,Cavalier's Hat,U1,67,67,7W,
20,Horn,2S,2S,2S,2S,
20,Salt Cod,U1,67,67,6S,
20,Squid Ink,U1,45,5U,5W,
20,Essential Draught,U1,45,5U,5W,
20,Jam,U1,45,5U,5S,
20,Tomato Relish,2U,2S,2S,2S,
20,Onion Soup,U1,45,5U,5W,
20,Pie,U1,67,6W,6W,
20,Corn Flakes,2S,2S,2S,2S,
20,Pickled Radish,U1,67,6W,6W,
20,Iron Axe,U1,3W,3W,3W,
20,Quartz Ring,U1,67,67,7S,
20,Porcelain Vase,U1,45,5U,5S,
20,Vegetable Juice,U1,45,4S,4S,
20,Pumpkin Pudding,U1,3W,3W,3W,
20,Sheepfluff Rug,U1,45,4S,4S,
20,Garden Scythe,U1,3S,3S,3S,
20,Bed,U1,45,4S,4S,
20,Scale Fingers,U1,3W,3W,3W,
20,Crook,U1,67,67,6S,
21,Potion,U1,67,67,7W,61
21,Firesand,U1,45,4S,4S,
21,WoodenChair,2S,2S,2S,2S,
21,GrilledClam,U1,67,67,7S,
21,Necklace,U1,45,5U,5S,
21,CoralRing,U1,3S,3S,3S,
21,Barbut,2S,2S,2S,2S,
21,Macuahuitl,U1,67,6W,6W,
21,Sauerkraut,U1,67,6W,6W,
21,BakedPumpkin,U1,45,5U,5W,
21,Tunic,2W,2W,2W,2W,
21,CulinaryKnife,U1,67,67,7S,
21,Brush,U1,3W,3W,3W,
21,BoiledEgg,U1,45,4S,4S,
21,Hora,U1,3S,3S,3S,
21,Earrings,U1,3W,3W,3W,
21,Butter,2W,2W,2W,2W,
21,BrickCounter,U1,67,67,6S,
21,BronzeSheep,U1,67,67,7W,
21,GrowthFormula,U1,45,5U,5S,
21,GarnetRapier,U1,67,6W,6W,
21,SpruceRoundShield,U1,67,67,6S,
21,SharkOil,U1,67,67,7S,
21,SilverEarCuffs,U1,3W,3W,3W,
21,SweetPopoto,U1,67,67,6S,
21,ParsnipSalad,U1,67,67,6S,
21,Caramels,U1,45,5U,5W,
21,Ribbon,U1,67,67,7W,
21,Rope,U1,3S,3S,3S,
21,CavaliersHat,U1,3W,3W,3W,
21,Horn,U1,67,6W,6W,
21,SaltCod,U1,45,4S,4S,
21,SquidInk,U1,67,67,7W,
21,EssentialDraught,U1,45,4W,4W,
21,Jam,U1,67,67,7W,
21,TomatoRelish,U1,45,5U,5S,
21,OnionSoup,U1,67,67,7S,
21,Pie,U1,45,5U,5W,
21,CornFlakes,U1,67,67,7S,
21,PickledRadish,2S,2S,2S,2S,
21,IronAxe,U1,45,4W,4W,
21,QuartzRing,U1,45,5U,5S,
21,PorcelainVase,U1,45,4W,4W,
21,VegetableJuice,U1,45,4W,4W,
21,PumpkinPudding,2W,2W,2W,2W,
21,SheepfluffRug,U1,45,4S,4S,
21,GardenScythe,U1,3S,3S,3S,
21,Bed,2S,2S,2S,2S,
21,ScaleFingers,U1,45,5U,5W,
21,Crook,2W,2W,2W,2W,
21,Coral Sword,2W,2W,2W,2W,
21,Coconut Juice,U1,45,5U,5W,
21,Honey,U1,67,67,6S,
21,Seashine Opal,U1,67,3W,3W,
21,Dried Flowers,U1,3S,3S,3S,
21,Powdered Paprika,U1,45,5U,5S,
21,Cawl Cennin,U1,45,4W,4W,
21,Isloaf,U1,45,4S,4S,
21,Popoto Salad,2S,2S,2S,2S,
21,Dressing,U1,67,67,6W,
22,Potion,U1,67,67,7S,14
22,Firesand,U1,67,6W,6W,
22,WoodenChair,U1,45,4W,4W,
22,GrilledClam,U1,45,4W,4W,
22,Necklace,U1,67,6W,6W,
22,CoralRing,U1,45,5U,5S,
22,Barbut,2S,2S,2S,2S,
22,Macuahuitl,U1,67,67,7W,
22,Sauerkraut,U1,67,3W,3W,
22,BakedPumpkin,U1,3S,3S,3S,
22,Tunic,U1,45,4S,4S,
22,CulinaryKnife,2U,2S,2S,2S,
22,Brush,U1,67,67,7S,
22,BoiledEgg,U1,3S,3S,3S,
22,Hora,U1,45,4W,4W,
22,Earrings,U1,45,5U,5S,
22,Butter,U1,3S,3S,3S,
22,BrickCounter,2W,2W,2W,2W,
22,BronzeSheep,U1,45,5U,5S,
22,GrowthFormula,2S,2S,2S,2S,
22,GarnetRapier,2U,2W,2W,2W,
22,SpruceRoundShield,U1,67,3W,3W,
22,SharkOil,2U,2S,2S,2S,
22,SilverEarCuffs,U1,67,3W,3W,
22,SweetPopoto,U1,45,4S,4S,
22,ParsnipSalad,U1,3S,3S,3S,
22,Caramels,U1,67,67,7S,
22,Ribbon,U1,67,67,6S,
22,Rope,2W,2W,2W,2W,
22,CavaliersHat,U1,67,6W,6W,
22,Horn,U1,67,67,6S,
22,SaltCod,U1,67,67,6S,
22,SquidInk,U1,67,67,6S,
22,EssentialDraught,U1,45,5U,5W,
22,Jam,U1,45,5U,5W,
22,TomatoRelish,U1,67,67,7W,
22,OnionSoup,U1,45,5U,5W,
22,Pie,U1,45,5U,5W,
22,CornFlakes,U1,67,67,7W,
22,PickledRadish,U1,45,4S,4S,
22,IronAxe,U1,45,5U,5S,
22,QuartzRing,U1,67,67,7W,
22,PorcelainVase,U1,45,4W,4W,
22,VegetableJuice,U1,67,3W,3W,
22,PumpkinPudding,U1,67,67,7S,
22,SheepfluffRug,U1,67,6W,6W,
22,GardenScythe,U1,67,67,7W,
22,Bed,2W,2W,2W,2W,
22,ScaleFingers,U1,67,67,7S,
22,Crook,U1,45,4S,4S,
22,Coral Sword,U1,45,4W,4W,
22,Coconut Juice,U1,45,4S,4S,
22,Honey,U1,45,5U,5W,
22,Seashine Opal,U1,67,3W,3W,
22,Dried Flowers,U1,45,5U,5S,
22,Powdered Paprika,2S,2S,2S,2S,
22,Cawl Cennin,U1,67,67,7S,
22,Isloaf,U1,67,67,6S,
22,Popoto Salad,U1,3S,3S,3S,
22,Dressing,2W,2W,2W,2W,
23,Potion,U1,45,4S,4S,6
23,Firesand,2S,2S,2S,2S,
23,WoodenChair,U1,45,5U,5W,
23,GrilledClam,U1,3S,3S,3S,
23,Necklace,U1,67,67,7W,
23,CoralRing,U1,67,3W,3W,
23,Barbut,U1,45,4W,4W,
23,Macuahuitl,U1,67,6W,6W,
23,Sauerkraut,2S,2S,2S,2S,
23,BakedPumpkin,U1,45,4W,4W,
23,Tunic,U1,67,6W,6W,
23,CulinaryKnife,U1,67,67,7S,
23,Brush,U1,67,3W,3W,
23,BoiledEgg,2S,2S,2S,2S,
23,Hora,U1,3S,3S,3S,
23,Earrings,U1,45,5U,5W,
23,Butter,2W,2W,2W,2W,
23,BrickCounter,U1,45,5U,5S,
23,BronzeSheep,U1,67,67,6S,
23,GrowthFormula,2W,2W,2W,2W,
23,GarnetRapier,U1,67,67,7W,
23,SpruceRoundShield,U1,45,5U,5S,
23,SharkOil,U1,67,6W,6W,
23,SilverEarCuffs,U1,67,67,6S,
23,SweetPopoto,U1,45,5U,5W,
23,ParsnipSalad,U1,67,3W,3W,
23,Caramels,2S,2S,2S,2S,
23,Ribbon,U1,67,67,7S,
23,Rope,U1,45,4S,4S,
23,CavaliersHat,U1,67,67,6S,
23,Horn,U1,3S,3S,3S,
23,SaltCod,U1,67,67,7S,
23,SquidInk,U1,45,5U,5S,
23,EssentialDraught,U1,45,4S,4S,
23,Jam,U1,45,5U,5S,
23,TomatoRelish,2W,2W,2W,2W,
23,OnionSoup,U1,67,6W,6W,
23,Pie,U1,67,67,7W,
23,CornFlakes,U1,67,67,7W,
23,PickledRadish,U1,3S,3S,3S,
23,IronAxe,U1,45,4S,4S,
23,QuartzRing,U1,67,67,7S,
23,PorcelainVase,U1,45,4W,4W,
23,VegetableJuice,2U,2W,2W,2W,
23,PumpkinPudding,U1,67,67,6S,
23,SheepfluffRug,U1,45,4W,4W,
23,GardenScythe,U1,45,5U,5W,
23,Bed,U1,67,67,7W,
23,ScaleFingers,U1,67,3W,3W,
23,Crook,U1,67,67,7S,
23,Coral Sword,U1,67,3W,3W,
23,Coconut Juice,2W,2W,2W,2W,
23,Honey,U1,45,5U,5S,
23,Seashine Opal,U1,67,67,6S,
23,Dried Flowers,U1,67,6W,6W,
23,Powdered Paprika,U1,67,67,7W,
23,Cawl Cennin,U1,45,4W,4W,
23,Isloaf,U1,45,4S,4S,
23,Popoto Salad,2S,2S,2S,2S,
23,Dressing,U1,3S,3S,3S,
24,Potion,U1,67,67,6S,35
24,Firesand,U1,3S,3S,3S,
24,WoodenChair,U1,67,6W,6W,
24,GrilledClam,U1,67,6W,6W,
24,Necklace,U1,45,4W,4W,
24,CoralRing,U1,45,5U,5S,
24,Barbut,U1,67,3W,3W,
24,Macuahuitl,U1,67,6W,6W,
24,Sauerkraut,U1,45,5U,5W,
24,BakedPumpkin,2S,2S,2S,2S,
24,Tunic,U1,67,67,7S,
24,CulinaryKnife,U1,67,3W,3W,
24,Brush,U1,67,67,7W,
24,BoiledEgg,U1,45,5U,5W,
24,Hora,U1,3S,3S,3S,
24,Earrings,U1,3S,3S,3S,
24,Butter,2U,2W,2W,2W,
24,BrickCounter,U1,45,4S,4S,
24,BronzeSheep,U1,67,67,6S,
24,GrowthFormula,U1,67,67,7W,
24,GarnetRapier,U1,67,67,7S,
24,SpruceRoundShield,U1,67,67,7W,
24,SharkOil,U1,67,67,6S,
24,SilverEarCuffs,2S,2S,2S,2S,
24,SweetPopoto,U1,67,67,6S,
24,ParsnipSalad,U1,67,6W,6W,
24,Caramels,U1,67,3W,3W,
24,Ribbon,2S,2S,2S,2S,
24,Rope,U1,45,4W,4W,
24,CavaliersHat,U1,45,5U,5W,
24,Horn,U1,45,4S,4S,
24,SaltCod,U1,45,4W,4W,
24,SquidInk,U1,45,4S,4S,
24,EssentialDraught,U1,67,67,7S,
24,Jam,U1,67,67,7W,
24,TomatoRelish,U1,45,5U,5S,
24,OnionSoup,U1,67,3W,3W,
24,Pie,U1,45,4S,4S,
24,CornFlakes,2W,2W,2W,2W,
24,PickledRadish,U1,3S,3S,3S,
24,IronAxe,U1,45,4W,4W,
24,QuartzRing,U1,45,5U,5W,
24,PorcelainVase,2S,2S,2S,2S,
24,VegetableJuice,2W,2W,2W,2W,
24,PumpkinPudding,U1,67,67,7S,
24,SheepfluffRug,U1,67,67,7S,
24,GardenScythe,U1,45,5U,5S,
24,Bed,U1,67,67,7W,
24,ScaleFingers,2U,2W,2W,2W,
24,Crook,U1,45,5U,5S,
24,Coral Sword,U1,67,67,7S,
24,Coconut Juice,U1,45,5U,5S,
24,Honey,2S,2S,2S,2S,
24,Seashine Opal,2W,2W,2W,2W,
24,Dried Flowers,U1,67,67,7W,
24,Powdered Paprika,U1,67,67,6S,
24,Cawl Cennin,U1,45,5U,4W,
24,Isloaf,U1,67,67,3W,
24,Popoto Salad,U1,45,5U,5W,
24,Dressing,U1,67,67,6W,
25,Potion,U1,67,67,7S,20
25,Firesand,U1,3S,3S,3S,
25,WoodenChair,U1,67,67,7W,
25,GrilledClam,U1,67,6W,6W,
25,Necklace,U1,67,67,7S,
25,CoralRing,U1,67,67,7S,
25,Barbut,U1,45,4S,4S,
25,Macuahuitl,U1,3S,3S,3S,
25,Sauerkraut,U1,67,67,7W,
25,BakedPumpkin,U1,67,6W,6W,
25,Tunic,2U,2W,2W,2W,
25,CulinaryKnife,U1,67,67,7S,
25,Brush,U1,45,5U,5S,
25,BoiledEgg,U1,67,67,6S,
25,Hora,U1,67,67,7S,
25,Earrings,U1,45,5U,5W,
25,Butter,U1,45,5U,5S,
25,BrickCounter,U1,45,4W,4W,
25,BronzeSheep,U1,67,67,6S,
25,GrowthFormula,U1,3W,3W,3W,
25,GarnetRapier,U1,45,5U,5S,
25,SpruceRoundShield,U1,67,3W,3W,
25,SharkOil,U1,67,67,7W,
25,SilverEarCuffs,U1,45,5U,5W,
25,SweetPopoto,U1,45,4W,4W,
25,ParsnipSalad,U1,45,4W,4W,
25,Caramels,U1,45,4S,4S,
25,Ribbon,U1,45,4S,4S,
25,Rope,U1,45,5U,5S,
25,CavaliersHat,U1,3S,3S,3S,
25,Horn,2S,2S,2S,2S,
25,SaltCod,U1,45,4W,4W,
25,SquidInk,U1,67,6W,6W,
25,EssentialDraught,2U,2S,2S,2S,
25,Jam,U1,67,67,7W,
25,TomatoRelish,U1,45,5U,5W,
25,OnionSoup,U1,67,3W,3W,
25,Pie,2W,2W,2W,2W,
25,CornFlakes,U1,67,6W,6W,
25,PickledRadish,U1,67,67,6S,
25,IronAxe,U1,45,5U,5W,
25,QuartzRing,2U,2W,2W,2W,
25,PorcelainVase,2W,2W,2W,2W,
25,VegetableJuice,U1,3S,3S,3S,
25,PumpkinPudding,2U,2S,2S,2S,
25,SheepfluffRug,U1,67,67,6S,
25,GardenScythe,U1,67,67,7W,
25,Bed,U1,45,4S,4S,
25,ScaleFingers,U1,67,3W,3W,
25,Crook,2S,2S,2S,2S,
25,Coral Sword,U1,67,6W,6W,
25,Coconut Juice,2S,2S,2S,2S,
25,Honey,U1,45,5U,5W,
25,Seashine Opal,U1,45,5U,5S,
25,Dried Flowers,U1,45,4W,4W,
25,Powdered Paprika,U1,3S,3S,3S,
25,Cawl Cennin,U1,45,4S,4S,
25,Isloaf,U1,67,67,7W,
25,Popoto Salad,U1,67,3W,3W,
25,Dressing,U1,67,67,7S,
26,Potion,U1,67,6W,6W,57
26,Firesand,U1,67,67,7W,
26,WoodenChair,U1,3W,3W,3W,
26,GrilledClam,U1,45,4W,4W,
26,Necklace,U1,45,5U,5W,
26,CoralRing,U1,3S,3S,3S,
26,Barbut,U1,45,5U,5S,
26,Macuahuitl,2W,2W,2W,2W,
26,Sauerkraut,U1,67,6W,6W,
26,BakedPumpkin,U1,3S,3S,3S,
26,Tunic,U1,45,4W,4W,
26,CulinaryKnife,2U,2S,2S,2S,
26,Brush,U1,3W,3W,3W,
26,BoiledEgg,U1,67,67,7W,
26,Hora,U1,3W,3W,3W,
26,Earrings,U1,67,67,7S,
26,Butter,U1,67,67,7S,
26,BrickCounter,U1,45,5U,5S,
26,BronzeSheep,U1,67,6W,6W,
26,GrowthFormula,U1,45,4S,4S,
26,GarnetRapier,U1,3W,3W,3W,
26,SpruceRoundShield,2U,2S,2S,2S,
26,SharkOil,2S,2S,2S,2S,
26,SilverEarCuffs,U1,67,67,6S,
26,SweetPopoto,2U,2W,2W,2W,
26,ParsnipSalad,U1,67,6W,6W,
26,Caramels,U1,45,4S,4S,
26,Ribbon,U1,67,67,6S,
26,Rope,U1,67,67,7S,
26,CavaliersHat,U1,67,67,6S,
26,Horn,U1,45,4W,4W,
26,SaltCod,U1,67,67,7W,
26,SquidInk,U1,45,5U,5S,
26,EssentialDraught,U1,3S,3S,3S,
26,Jam,U1,3S,3S,3S,
26,TomatoRelish,2U,2S,2S,2S,
26,OnionSoup,U1,67,67,6S,
26,Pie,U1,45,4S,4S,
26,CornFlakes,U1,67,67,7S,
26,PickledRadish,U1,45,5U,5W,
26,IronAxe,U1,67,67,7W,
26,QuartzRing,U1,45,5U,5W,
26,PorcelainVase,U1,67,67,7W,
26,VegetableJuice,U1,45,5U,5S,
26,PumpkinPudding,U1,67,67,7S,
26,SheepfluffRug,U1,45,4W,4W,
26,GardenScythe,U1,45,5U,5W,
26,Bed,2W,2W,2W,2W,
26,ScaleFingers,U1,45,4S,4S,
26,Crook,2W,2W,2W,2W,
26,Coral Sword,U1,67,3W,3W,
26,Coconut Juice,U1,45,4S,4S,
26,Honey,2U,2W,2W,2W,
26,Seashine Opal,U1,67,6W,6W,
26,Dried Flowers,U1,67,67,7W,
26,Powdered Paprika,U1,45,4W,4W,
26,Cawl Cennin,U1,3S,3S,3S,
26,Isloaf,U1,45,5U,5S,
26,Popoto Salad,U1,67,67,6S,
26,Dressing,U1,67,67,7S,
27,Potion,U1,3S,3S,3S,12
27,Firesand,2U,2W,2W,2W,
27,WoodenChair,U1,67,67,7S,
27,GrilledClam,U1,45,5U,5W,
27,Necklace,U1,45,4W,4W,
27,CoralRing,U1,67,67,7W,
27,Barbut,U1,67,67,7W,
27,Macuahuitl,U1,45,4S,4S,
27,Sauerkraut,U1,3S,3S,3S,
27,BakedPumpkin,U1,45,4S,4S,
27,Tunic,U1,67,67,6S,
27,CulinaryKnife,2S,2S,2S,2S,
27,Brush,2W,2W,2W,2W,
27,BoiledEgg,2U,2W,2W,2W,
27,Hora,U1,45,4W,4W,
27,Earrings,U1,67,67,7W,
27,Butter,U1,45,5U,5W,
27,BrickCounter,U1,67,6W,6W,
27,BronzeSheep,2U,2S,2S,2S,
27,GrowthFormula,U1,67,6W,6W,
27,GarnetRapier,U1,67,67,7W,
27,SpruceRoundShield,U1,45,4S,4S,
27,SharkOil,U1,67,67,7S,
27,SilverEarCuffs,U1,3W,3W,3W,
27,SweetPopoto,U1,45,5U,5S,
27,ParsnipSalad,2U,2S,2S,2S,
27,Caramels,U1,67,67,7S,
27,Ribbon,U1,45,4W,4W,
27,Rope,U1,3S,3S,3S,
27,CavaliersHat,U1,67,6W,6W,
27,Horn,U1,67,67,6S,
27,SaltCod,U1,3W,3W,3W,
27,SquidInk,U1,3W,3W,3W,
27,EssentialDraught,U1,45,5U,5W,
27,Jam,U1,45,4W,4W,
27,TomatoRelish,U1,67,67,6S,
27,OnionSoup,U1,67,6W,6W,
27,Pie,U1,45,5U,5S,
27,CornFlakes,2U,2S,2S,2S,
27,PickledRadish,U1,67,67,6S,
27,IronAxe,U1,45,5U,5S,
27,QuartzRing,U1,67,67,7S,
27,PorcelainVase,U1,45,5U,5S,
27,VegetableJuice,U1,67,67,7W,
27,PumpkinPudding,U1,45,5U,5W,
27,SheepfluffRug,U1,67,67,7S,
27,GardenScythe,U1,3W,3W,3W,
27,Bed,U1,45,4S,4S,
27,ScaleFingers,U1,3S,3S,3S,
27,Crook,2W,2W,2W,2W,
27,Coral Sword,U1,45,5U,5W,
27,Coconut Juice,U1,67,67,6S,
27,Honey,2S,2S,2S,2S,
27,Seashine Opal,U1,45,4W,4W,
27,Dried Flowers,U1,45,4S,4S,
27,Powdered Paprika,U1,45,5U,5S,
27,Cawl Cennin,2W,2W,2W,2W,
27,Isloaf,U1,3S,3S,3S,
27,Popoto Salad,U1,67,67,7S,
27,Dressing,U1,67,3W,3W,
,,,,,,1
